year,income
3060,902892.3723260362
4070,1739642.0983009741
4080,1747926.749053201
1660,-256958.73298575822
2060,74427.29710332607
1890,-66411.7656845348
5225,2696519.260183205
6245,3541553.6369103696
2249,231007.19632041827
